{
  "host": "127.0.0.1",
  "port": 3306,
  "admin": "admin",
  "user": "jacob",
  "userpassword": "LbyGBNTh",
  "dropUser": true,
  "debug": true,
  "database": "gamedb",
  "allowPublicKeyRetrieval": true,
  "tables": [
    {
      "tableName": "game",
      "columns": [
        "number integer not null primary key",
        "name varchar(53) not null",
        "rating varchar(8) not null",
        "year integer not null",
        "quantity integer not null"
      ],
      "data": [
        [1, "Need for Speed", "good", 2003, 23],
        [2, "FIFA22", "nice", 2021, 25]
      ]
    }
  ]
}
