[
    {
        "customerId": 1000,
        "firstname": "Abel",
        "lastname": "Bell",
        "address": "River side 2",
        "customerclass": "VIP"
    },
    {
        "customerId": 4123,
        "firstname": "Layla",
        "lastname": "Garcia",
        "address": "Street 20",
        "customerclass": "R.I.P"
    },
        {
        "customerId": 6543,
        "firstname": "Olivia",
        "lastname": "Irony",
        "address": "Station 5",
        "customerclass": "OrdinaryPenPusher"
    },
    {
        "customerId": 3000,
        "firstname": "Paula",
        "lastname": "Hammer",
        "address": "Dataway 35",
        "customerclass": "KeyCustomer"
    },
    {
        "customerId": 7987,
        "firstname": "Matt",
        "lastname": "River",
        "address": "Cloudhill 3",
        "customerclass": "SolidGold"
    },
    {
        "customerId": 2000,
        "firstname": "Sophie",
        "lastname": "Smith",
        "address": "Bugpath 42",
        "customerclass": "ToBeAwoided"
    },
    {
        "customerId": 5000,
        "firstname": "Jeff",
        "lastname": "Lake",
        "address": "Codepath 2",
        "customerclass": "SuperBonus"
    }
]